1518807408771,273.0,3,walking
1518807409272,274.0,3,walking
1518807409859,275.0,3,walking
1518807410401,276.0,3,walking
1518807410946,277.0,3,walking
1518807411621,278.0,3,walking
1518807412038,279.0,3,walking
1518807412539,280.0,3,walking
1518807413099,281.0,3,walking
1518807413639,282.0,3,walking
1518807414204,283.0,3,walking
1518807414762,284.0,3,walking
1518807415326,285.0,3,walking
1518807415823,286.0,3,walking
1518807416351,287.0,3,walking
1518807416900,288.0,3,walking
1518807417467,289.0,3,walking
1518807417957,290.0,3,walking
1518807418500,291.0,3,walking
1518807418993,292.0,3,walking
1518807419617,293.0,3,walking
1518807420196,294.0,3,walking
1518807420669,295.0,3,walking
1518807421227,296.0,3,walking
1518807421774,297.0,3,walking
1518807422324,298.0,3,walking
1518807422839,299.0,3,walking
1518807423383,300.0,3,walking
1518807423919,301.0,3,walking
1518807424496,302.0,3,walking
1518807425019,303.0,3,walking
1518807425527,304.0,3,walking
1518807426086,305.0,3,walking
1518807426639,306.0,3,walking
1518807427214,307.0,3,walking
1518807427698,308.0,3,walking
1518807428255,309.0,3,walking
1518807428795,310.0,3,walking
1518807429306,311.0,3,walking
1518807429872,312.0,3,walking
1518807430472,313.0,3,walking
1518807430964,314.0,3,walking
1518807431541,315.0,3,walking
1518807432001,316.0,3,walking
1518807432592,317.0,3,walking
1518807433083,318.0,3,walking
1518807433709,319.0,3,walking
1518807434244,320.0,3,walking
1518807434915,321.0,3,walking
1518807435439,322.0,3,walking
1518807435942,323.0,3,walking
1518807436414,324.0,3,walking
1518807436911,325.0,3,walking
1518807437484,326.0,3,walking
1518807438009,327.0,3,walking
1518807438486,328.0,3,walking
1518807439039,329.0,3,walking
1518807439567,330.0,3,walking
1518807440224,331.0,3,walking
1518807440655,332.0,3,walking
1518807441183,333.0,3,walking
1518807441704,334.0,3,walking
1518807442208,335.0,3,walking
1518807442790,336.0,3,walking
1518807443311,337.0,3,walking
1518807443912,338.0,3,walking
1518807444431,339.0,3,walking
1518807445025,340.0,3,walking
1518807445449,341.0,3,walking
1518807446091,342.0,3,walking
1518807446500,343.0,3,walking
1518807447090,344.0,3,walking
1518807447554,345.0,3,walking
1518807448098,346.0,3,walking
1518807448605,347.0,3,walking
1518807449195,348.0,3,walking
1518807449663,349.0,3,walking
1518807450151,350.0,3,walking
1518807450518,351.0,3,walking
1518807450921,352.0,3,walking
1518807451484,353.0,3,walking
1518807451933,354.0,3,walking
1518807452449,355.0,3,walking
1518807452955,356.0,3,walking
1518807453548,357.0,3,walking
1518807454004,358.0,3,walking
1518807454540,359.0,3,walking
1518807455025,360.0,3,walking
1518807455634,361.0,3,walking
1518807456078,362.0,3,walking
1518807456669,363.0,3,walking
1518807457177,364.0,3,walking
1518807457813,365.0,3,walking
1518807458250,366.0,3,walking
1518807458755,367.0,3,walking
1518807459306,368.0,3,walking
1518807459856,369.0,3,walking
1518807460375,370.0,3,walking
1518807460969,371.0,3,walking
1518807461402,372.0,3,walking
1518807461908,373.0,3,walking
1518807462486,374.0,3,walking
1518807463049,375.0,3,walking
1518807463546,376.0,3,walking
1518807464139,377.0,3,walking
1518807464636,378.0,3,walking
1518807465224,379.0,3,walking
1518807465734,380.0,3,walking
1518807466303,381.0,3,walking
1518807466756,382.0,3,walking
1518807467362,383.0,3,walking
1518807467868,384.0,3,walking
1518807468380,385.0,3,walking
1518807468949,386.0,3,walking
1518807469494,387.0,3,walking
1518807469941,388.0,3,walking
1518807470552,389.0,3,walking
1518807470974,390.0,3,walking
1518807471469,391.0,3,walking
1518807471930,392.0,3,walking
1518807472507,393.0,3,walking
1518807473001,394.0,3,walking
1518807473510,395.0,3,walking
1518807473959,396.0,3,walking
1518807474522,397.0,3,walking
1518807475013,398.0,3,walking
1518807475594,399.0,3,walking
1518807476041,400.0,3,walking
1518807476597,401.0,3,walking
1518807477081,402.0,3,walking
1518807477636,403.0,3,walking
1518807478114,404.0,3,walking
1518807478668,405.0,3,walking
1518807479194,406.0,3,walking
1518807479698,407.0,3,walking
1518807480188,408.0,3,walking
1518807480758,409.0,3,walking
1518807481186,410.0,3,walking
1518807481653,411.0,3,walking
1518807482225,412.0,3,walking
1518807482766,413.0,3,walking
1518807483331,414.0,3,walking
1518807483868,415.0,3,walking
1518807484398,416.0,3,walking
1518807484973,417.0,3,walking
1518807485413,418.0,3,walking
1518807485939,419.0,3,walking
1518807486436,420.0,3,walking
1518807487026,421.0,3,walking
1518807487456,422.0,3,walking
1518807488004,423.0,3,walking
1518807488503,424.0,3,walking
1518807489091,425.0,3,walking
1518807489612,426.0,3,walking
1518807490145,427.0,3,walking
1518807490653,428.0,3,walking
1518807491114,429.0,3,walking
1518807491659,430.0,3,walking
1518807492295,431.0,3,walking
1518807492746,432.0,3,walking
1518807493220,433.0,3,walking
1518807493776,434.0,3,walking
1518807494794,435.0,3,walking
1518807495459,436.0,3,walking
1518807495814,437.0,3,walking
1518807496368,438.0,3,walking
1518807496853,439.0,3,walking
1518807497406,440.0,3,walking
1518807497901,441.0,3,walking
1518807498476,442.0,3,walking
1518807499031,443.0,3,walking
1518807499510,444.0,3,walking
1518807500061,445.0,3,walking
1518807500606,446.0,3,walking
1518807501110,447.0,3,walking
1518807501690,448.0,3,walking
1518807502201,449.0,3,walking
1518807503241,450.0,3,walking
1518807503874,451.0,3,walking
1518807504346,452.0,3,walking
1518807504946,453.0,3,walking
1518807505375,454.0,3,walking
1518807505957,455.0,3,walking
1518807506425,456.0,3,walking
1518807507017,457.0,3,walking
1518807507478,458.0,3,walking
1518807508049,459.0,3,walking
1518807508527,460.0,3,walking
1518807509115,461.0,3,walking
1518807509648,462.0,3,walking
1518807510142,463.0,3,walking
1518807510679,464.0,3,walking
1518807511248,465.0,3,walking
1518807511773,466.0,3,walking
1518807512292,467.0,3,walking
1518807512817,468.0,3,walking
1518807513306,469.0,3,walking
1518807513867,470.0,3,walking
1518807514361,471.0,3,walking
1518807514935,472.0,3,walking
1518807515491,473.0,3,walking
1518807516039,474.0,3,walking
1518807516578,475.0,3,walking
1518807517084,476.0,3,walking
1518807517735,477.0,3,walking
1518807518104,478.0,3,walking
1518807518696,479.0,3,walking
1518807519217,480.0,3,walking
1518807519765,481.0,3,walking
1518807520264,482.0,3,walking
1518807520853,483.0,3,walking
1518807521337,484.0,3,walking
1518807521935,485.0,3,walking
1518807522446,486.0,3,walking
1518807523029,487.0,3,walking
1518807523458,488.0,3,walking
1518807524044,489.0,3,walking
1518807524478,490.0,3,walking
1518807525019,491.0,3,walking
1518807525496,492.0,3,walking
1518807526153,493.0,3,walking
1518807526516,494.0,3,walking
1518807527115,495.0,3,walking
1518807527628,496.0,3,walking
1518807528302,497.0,3,walking
1518807528666,498.0,3,walking
1518807529254,499.0,3,walking
1518807529734,500.0,3,walking
1518807530333,501.0,3,walking
1518807530815,502.0,3,walking
1518807531356,503.0,3,walking
1518807531891,504.0,3,walking
1518807532525,505.0,3,walking
1518807532965,506.0,3,walking
1518807533542,507.0,3,walking
1518807534074,508.0,3,walking
1518807534598,509.0,3,walking
1518807535054,510.0,3,walking
1518807535609,511.0,3,walking
1518807536107,512.0,3,walking
1518807536696,513.0,3,walking
1518807537141,514.0,3,walking
1518807537697,515.0,3,walking
1518807538271,516.0,3,walking
1518807538849,517.0,3,walking
1518807539371,518.0,3,walking
1518807539916,519.0,3,walking
1518807540488,520.0,3,walking
1518807541084,521.0,3,walking
1518807541524,522.0,3,walking
1518807542047,523.0,3,walking
1518807542574,524.0,3,walking
1518807543131,525.0,3,walking
1518807543624,526.0,3,walking
1518807544217,527.0,3,walking
1518807544675,528.0,3,walking
1518807545250,529.0,3,walking
1518807545751,530.0,3,walking
1518807546271,531.0,3,walking
1518807546860,532.0,3,walking
1518807547487,533.0,3,walking
1518807547905,534.0,3,walking
1518807548468,535.0,3,walking
1518807548929,536.0,3,walking
1518807549564,537.0,3,walking
1518807549953,538.0,3,walking
1518807550579,539.0,3,walking
1518807550920,540.0,3,walking
1518807551496,541.0,3,walking
1518807551959,542.0,3,walking
1518807552517,543.0,3,walking
1518807553524,544.0,3,walking
1518807553602,545.0,3,walking
1518807554077,546.0,3,walking
1518807554748,547.0,3,walking
1518807555096,548.0,3,walking
1518807555664,549.0,3,walking
1518807556163,550.0,3,walking
1518807556722,551.0,3,walking
1518807557198,552.0,3,walking
1518807557802,553.0,3,walking
1518807558336,554.0,3,walking
1518807558856,555.0,3,walking
1518807559350,556.0,3,walking
1518807559942,557.0,3,walking
1518807560385,558.0,3,walking
1518807560861,559.0,3,walking
1518807561406,560.0,3,walking
1518807562028,561.0,3,walking
1518807563042,562.0,3,walking
1518807563102,563.0,3,walking
1518807563604,564.0,3,walking
1518807564246,565.0,3,walking
1518807564673,566.0,3,walking
1518807565289,567.0,3,walking
1518807565740,568.0,3,walking
1518807566389,569.0,3,walking
1518807566744,570.0,3,walking
1518807567345,571.0,3,walking
1518807567810,572.0,3,walking
1518807568332,573.0,3,walking
1518807568842,574.0,3,walking
1518807569434,575.0,3,walking
1518807569953,576.0,3,walking
1518807570460,577.0,3,walking
1518807570998,578.0,3,walking
1518807571553,579.0,3,walking
1518807572030,580.0,3,walking
1518807572654,581.0,3,walking
1518807573084,582.0,3,walking
1518807573601,583.0,3,walking
1518807574180,584.0,3,walking
1518807574724,585.0,3,walking
1518807575226,586.0,3,walking
1518807575744,587.0,3,walking
1518807576309,588.0,3,walking
1518807576896,589.0,3,walking
1518807577353,590.0,3,walking
1518807577922,591.0,3,walking
1518807578420,592.0,3,walking
1518807579016,593.0,3,walking
1518807579540,594.0,3,walking
1518807580148,595.0,3,walking
1518807580599,596.0,3,walking
1518807581125,597.0,3,walking
1518807581718,598.0,3,walking
1518807582360,599.0,3,walking
1518807582722,600.0,3,walking
1518807583310,601.0,3,walking
1518807583816,602.0,3,walking
1518807584360,603.0,3,walking
1518807584854,604.0,3,walking
1518807585412,605.0,3,walking
1518807585984,606.0,3,walking
1518807586481,607.0,3,walking
1518807587041,608.0,3,walking
1518807587702,609.0,3,walking
1518807588074,610.0,3,walking
1518807588644,611.0,3,walking
1518807589155,612.0,3,walking
1518807589731,613.0,3,walking
1518807590239,614.0,3,walking
1518807590781,615.0,3,walking
1518807591277,616.0,3,walking
1518807591881,617.0,3,walking
1518807592440,618.0,3,walking
1518807593067,619.0,3,walking
1518807593426,620.0,3,walking
1518807594014,621.0,3,walking
1518807594571,622.0,3,walking
1518807595220,623.0,3,walking
1518807595646,624.0,3,walking
1518807596230,625.0,3,walking
1518807596789,626.0,3,walking
1518807597310,627.0,3,walking
1518807597875,628.0,3,walking
1518807598400,629.0,3,walking
1518807598973,630.0,3,walking
1518807599483,631.0,3,walking
1518807600077,632.0,3,walking
1518807600593,633.0,3,walking
1518807601150,634.0,3,walking
1518807601766,635.0,3,walking
1518807602217,636.0,3,walking
1518807602791,637.0,3,walking
1518807603350,638.0,3,walking
1518807603932,639.0,3,walking
1518807604465,640.0,3,walking
1518807605080,641.0,3,walking
1518807605595,642.0,3,walking
1518807606218,643.0,3,walking
1518807606649,644.0,3,walking
1518807607191,645.0,3,walking
1518807607715,646.0,3,walking
1518807608289,647.0,3,walking
1518807608781,648.0,3,walking
1518807609333,649.0,3,walking
1518807609836,650.0,3,walking
1518807610422,651.0,3,walking
1518807610935,652.0,3,walking
1518807611516,653.0,3,walking
1518807612032,654.0,3,walking
1518807612652,655.0,3,walking
1518807613131,656.0,3,walking
1518807613681,657.0,3,walking
1518807614135,658.0,3,walking
1518807614764,659.0,3,walking
1518807615108,660.0,3,walking
1518807615665,661.0,3,walking
1518807616159,662.0,3,walking
1518807616733,663.0,3,walking
1518807617229,664.0,3,walking
1518807617756,665.0,3,walking
1518807618245,666.0,3,walking
1518807618849,667.0,3,walking
1518807619299,668.0,3,walking
1518807619839,669.0,3,walking
1518807620348,670.0,3,walking
1518807620875,671.0,3,walking
1518807621380,672.0,3,walking
1518807621965,673.0,3,walking
1518807622455,674.0,3,walking
1518807622930,675.0,3,walking
1518807623407,676.0,3,walking
1518807623946,677.0,3,walking
1518807624536,678.0,3,walking
1518807625097,679.0,3,walking
1518807625558,680.0,3,walking
1518807626081,681.0,3,walking
1518807626643,682.0,3,walking
1518807627208,683.0,3,walking
1518807627690,684.0,3,walking
1518807628265,685.0,3,walking
1518807628785,686.0,3,walking
1518807629333,687.0,3,walking
1518807629777,688.0,3,walking
1518807630354,689.0,3,walking
1518807630896,690.0,3,walking
1518807631439,691.0,3,walking
1518807632477,693.0,3,walking
1518807632490,693.0,3,walking
1518807632995,694.0,3,walking
1518807633589,695.0,3,walking
1518807634086,696.0,3,walking
1518807634641,697.0,3,walking
1518807635149,698.0,3,walking
1518807635762,699.0,3,walking
1518807636211,700.0,3,walking
1518807636771,701.0,3,walking
1518807637270,702.0,3,walking
1518807637815,703.0,3,walking
1518807638364,704.0,3,walking
1518807638880,705.0,3,walking
1518807639391,706.0,3,walking
1518807639936,707.0,3,walking
1518807640457,708.0,3,walking
1518807641069,709.0,3,walking
1518807641499,710.0,3,walking
1518807642091,711.0,3,walking
1518807642553,712.0,3,walking
1518807643104,713.0,3,walking
1518807643608,714.0,3,walking
1518807644210,715.0,3,walking
1518807644722,716.0,3,walking
1518807645232,717.0,3,walking
1518807645812,718.0,3,walking
1518807646503,719.0,3,walking
1518807646883,720.0,3,walking
1518807647463,721.0,3,walking
1518807647967,722.0,3,walking
1518807648544,723.0,3,walking
1518807649004,724.0,3,walking
1518807649571,725.0,3,walking
1518807650112,726.0,3,walking
1518807650579,727.0,3,walking
1518807651118,728.0,3,walking
1518807651709,729.0,3,walking
1518807652256,730.0,3,walking
1518807652811,731.0,3,walking
1518807653289,732.0,3,walking
1518807653863,733.0,3,walking
1518807654372,734.0,3,walking
1518807654971,735.0,3,walking
1518807655486,736.0,3,walking
1518807656062,737.0,3,walking
1518807656503,738.0,3,walking
1518807657087,739.0,3,walking
1518807657589,740.0,3,walking
1518807658148,741.0,3,walking
1518807658699,742.0,3,walking
1518807659218,743.0,3,walking
1518807659738,744.0,3,walking
1518807660231,745.0,3,walking
1518807660795,746.0,3,walking
1518807661287,747.0,3,walking
1518807661794,748.0,3,walking
1518807662369,749.0,3,walking
1518807662914,750.0,3,walking
1518807663466,751.0,3,walking
1518807663948,752.0,3,walking
1518807664569,753.0,3,walking
1518807665034,754.0,3,walking
1518807665587,755.0,3,walking
1518807666047,756.0,3,walking
1518807666683,757.0,3,walking
1518807667035,758.0,3,walking
1518807667592,759.0,3,walking
1518807668164,760.0,3,walking
1518807668754,761.0,3,walking
1518807669151,762.0,3,walking
1518807669721,763.0,3,walking
1518807670230,764.0,3,walking
1518807670714,765.0,3,walking
1518807671173,766.0,3,walking
1518807671749,767.0,3,walking
1518807672239,768.0,3,walking
1518807672750,769.0,3,walking
1518807673257,770.0,3,walking
1518807673773,771.0,3,walking
1518807674271,772.0,3,walking
1518807674797,773.0,3,walking
1518807675296,774.0,3,walking
1518807675890,775.0,3,walking
1518807676306,776.0,3,walking
1518807676896,777.0,3,walking
1518807677336,778.0,3,walking
1518807677862,779.0,3,walking
1518807678383,780.0,3,walking
1518807678975,781.0,3,walking
1518807679426,782.0,3,walking
1518807680016,783.0,3,walking
1518807680461,784.0,3,walking
1518807681033,785.0,3,walking
1518807681479,786.0,3,walking
1518807682056,787.0,3,walking
1518807682501,788.0,3,walking
1518807682932,789.0,3,walking
1518807683437,790.0,3,walking
1518807684043,791.0,3,walking
1518807684478,792.0,3,walking
1518807685079,793.0,3,walking
1518807685532,794.0,3,walking
1518807686113,795.0,3,walking
1518807686553,796.0,3,walking
1518807687173,797.0,3,walking
1518807687603,798.0,3,walking
1518807688124,799.0,3,walking
1518807688596,800.0,3,walking
1518807689257,801.0,3,walking
1518807689673,802.0,3,walking
1518807690249,803.0,3,walking
1518807690701,804.0,3,walking
1518807691330,805.0,3,walking
1518807691734,806.0,3,walking
1518807692378,807.0,3,walking
1518807692739,808.0,3,walking
1518807693310,809.0,3,walking
1518807693810,810.0,3,walking
1518807694386,811.0,3,walking
1518807694911,812.0,3,walking
1518807695428,813.0,3,walking
1518807695972,814.0,3,walking
1518807696536,815.0,3,walking
1518807697009,816.0,3,walking
1518807697652,817.0,3,walking
1518807698082,818.0,3,walking
1518807698794,819.0,3,walking
1518807699205,820.0,3,walking
1518807699790,821.0,3,walking
1518807700230,822.0,3,walking
1518807700765,823.0,3,walking
1518807701269,824.0,3,walking
1518807701813,825.0,3,walking
1518807702336,826.0,3,walking
1518807702843,827.0,3,walking
1518807703349,828.0,3,walking
1518807703906,829.0,3,walking
1518807704367,830.0,3,walking
1518807704939,831.0,3,walking
1518807705422,832.0,3,walking
1518807706042,833.0,3,walking
1518807706484,834.0,3,walking
1518807706964,835.0,3,walking
1518807707530,836.0,3,walking
1518807708048,837.0,3,walking
1518807708558,838.0,3,walking
1518807709047,839.0,3,walking
1518807709582,840.0,3,walking
1518807710034,841.0,3,walking
1518807710621,842.0,3,walking
1518807711137,843.0,3,walking
1518807711654,844.0,3,walking
1518807712123,845.0,3,walking
1518807712665,846.0,3,walking
1518807713221,847.0,3,walking
1518807713713,848.0,3,walking
1518807714193,849.0,3,walking
1518807714772,850.0,3,walking
1518807715290,851.0,3,walking
1518807715754,852.0,3,walking
1518807716280,853.0,3,walking
1518807716840,854.0,3,walking
1518807717366,855.0,3,walking
1518807717842,856.0,3,walking
1518807718367,857.0,3,walking
1518807718874,858.0,3,walking
1518807719449,859.0,3,walking
1518807719970,860.0,3,walking
1518807720420,861.0,3,walking
1518807720929,862.0,3,walking
1518807721456,863.0,3,walking
1518807722016,864.0,3,walking
1518807722594,865.0,3,walking
1518807723100,866.0,3,walking
1518807723612,867.0,3,walking
1518807724100,868.0,3,walking
1518807724667,869.0,3,walking
1518807725154,870.0,3,walking
1518807725703,871.0,3,walking
1518807726200,872.0,3,walking
1518807726745,873.0,3,walking
1518807727299,874.0,3,walking
1518807727793,875.0,3,walking
1518807728337,876.0,3,walking
1518807728918,877.0,3,walking
1518807729442,878.0,3,walking
1518807730053,879.0,3,walking
1518807730390,880.0,3,walking
1518807730954,881.0,3,walking
1518807731519,882.0,3,walking
1518807732032,883.0,3,walking
1518807732557,884.0,3,walking
1518807733084,885.0,3,walking
1518807733660,886.0,3,walking
1518807734153,887.0,3,walking
1518807734716,888.0,3,walking
1518807735277,889.0,3,walking
1518807735800,890.0,3,walking
1518807736322,891.0,3,walking
1518807736839,892.0,3,walking
1518807737365,893.0,3,walking
1518807737828,894.0,3,walking
1518807738401,895.0,3,walking
1518807738894,896.0,3,walking
1518807739496,897.0,3,walking
1518807739929,898.0,3,walking
1518807740423,899.0,3,walking
1518807740982,900.0,3,walking
1518807741586,901.0,3,walking
1518807742019,902.0,3,walking
1518807742607,903.0,3,walking
1518807743098,904.0,3,walking
1518807743672,905.0,3,walking
1518807744193,906.0,3,walking
1518807744726,907.0,3,walking
1518807745220,908.0,3,walking
1518807745812,909.0,3,walking
1518807746307,910.0,3,walking
1518807746821,911.0,3,walking
1518807747303,912.0,3,walking
1518807747880,913.0,3,walking
1518807748340,914.0,3,walking
1518807748865,915.0,3,walking
1518807749408,916.0,3,walking
1518807749998,917.0,3,walking
1518807750546,918.0,3,walking
1518807751123,919.0,3,walking
1518807751608,920.0,3,walking
1518807752215,921.0,3,walking
1518807752673,922.0,3,walking
1518807753282,923.0,3,walking
1518807753757,924.0,3,walking
1518807754330,925.0,3,walking
1518807754886,926.0,3,walking
1518807755395,927.0,3,walking
1518807755975,928.0,3,walking
1518807756522,929.0,3,walking
1518807757026,930.0,3,walking
1518807757551,931.0,3,walking
1518807758141,932.0,3,walking
1518807758676,933.0,3,walking
1518807759158,934.0,3,walking
1518807759746,935.0,3,walking
1518807760243,936.0,3,walking
1518807760802,937.0,3,walking
1518807761325,938.0,3,walking
1518807761875,939.0,3,walking
1518807762379,940.0,3,walking
1518807762990,941.0,3,walking
1518807763422,942.0,3,walking
1518807764009,943.0,3,walking
1518807764460,944.0,3,walking
1518807765096,945.0,3,walking
1518807765617,946.0,3,walking
1518807766100,947.0,3,walking
1518807766598,948.0,3,walking
1518807767162,949.0,3,walking
1518807767631,950.0,3,walking
1518807768186,951.0,3,walking
1518807768679,952.0,3,walking
1518807769230,953.0,3,walking
1518807769714,954.0,3,walking
1518807770306,955.0,3,walking
1518807770765,956.0,3,walking
1518807771342,957.0,3,walking
1518807771835,958.0,3,walking
1518807772408,959.0,3,walking
1518807772883,960.0,3,walking
1518807773458,961.0,3,walking
1518807773953,962.0,3,walking
1518807774503,963.0,3,walking
1518807774985,964.0,3,walking
1518807775545,965.0,3,walking
1518807776036,966.0,3,walking
1518807776609,967.0,3,walking
1518807777105,968.0,3,walking
1518807777711,969.0,3,walking
1518807778226,970.0,3,walking
1518807778747,971.0,3,walking
1518807779309,972.0,3,walking
1518807779979,973.0,3,walking
1518807780353,974.0,3,walking
1518807780895,975.0,3,walking
1518807781450,976.0,3,walking
1518807781982,977.0,3,walking
1518807782458,978.0,3,walking
1518807782985,979.0,3,walking
1518807783540,980.0,3,walking
1518807784073,981.0,3,walking
1518807784545,982.0,3,walking
1518807785085,983.0,3,walking
1518807785646,984.0,3,walking
1518807786103,985.0,3,walking
1518807786646,986.0,3,walking
1518807787230,987.0,3,walking
1518807787694,988.0,3,walking
1518807788276,989.0,3,walking
1518807788776,990.0,3,walking
1518807789363,991.0,3,walking
1518807789831,992.0,3,walking
1518807790400,993.0,3,walking
1518807790894,994.0,3,walking
1518807791452,995.0,3,walking
1518807791946,996.0,3,walking
1518807792522,997.0,3,walking
1518807793013,998.0,3,walking
1518807793555,999.0,3,walking
1518807794047,1000.0,3,walking
1518807794637,1001.0,3,walking
1518807795133,1002.0,3,walking
1518807795678,1003.0,3,walking
1518807796201,1004.0,3,walking
1518807796746,1005.0,3,walking
1518807797264,1006.0,3,walking
1518807797839,1007.0,3,walking
1518807798354,1008.0,3,walking
1518807798905,1009.0,3,walking
1518807799401,1010.0,3,walking
1518807799984,1011.0,3,walking
1518807800498,1012.0,3,walking
1518807801075,1013.0,3,walking
1518807801585,1014.0,3,walking
1518807802112,1015.0,3,walking
1518807802630,1016.0,3,walking
1518807803193,1017.0,3,walking
1518807803540,1018.0,3,walking
1518807804107,1019.0,3,walking
1518807804612,1020.0,3,walking
1518807805131,1021.0,3,walking
1518807805593,1022.0,3,walking
1518807806160,1023.0,3,walking
1518807806662,1024.0,3,walking
1518807807246,1025.0,3,walking
1518807807698,1026.0,3,walking
1518807808331,1027.0,3,walking
1518807808760,1028.0,3,walking
1518807809339,1029.0,3,walking
1518807809859,1030.0,3,walking
1518807810357,1031.0,3,walking
1518807810898,1032.0,3,walking
1518807811387,1033.0,3,walking
1518807811875,1034.0,3,walking
1518807812427,1035.0,3,walking
1518807812902,1036.0,3,walking
1518807813444,1037.0,3,walking
1518807813938,1038.0,3,walking
1518807814478,1039.0,3,walking
1518807815053,1040.0,3,walking
1518807815594,1041.0,3,walking
1518807816099,1042.0,3,walking
1518807816661,1043.0,3,walking
1518807817213,1044.0,3,walking
1518807817728,1045.0,3,walking
1518807818287,1046.0,3,walking
1518807818852,1047.0,3,walking
1518807819348,1048.0,3,walking
1518807819922,1049.0,3,walking
1518807820474,1050.0,3,walking
1518807821058,1051.0,3,walking
1518807821544,1052.0,3,walking
1518807822216,1053.0,3,walking
1518807822643,1054.0,3,walking
1518807823226,1055.0,3,walking
1518807823711,1056.0,3,walking
1518807824249,1057.0,3,walking
1518807824765,1058.0,3,walking
1518807825323,1059.0,3,walking
1518807825830,1060.0,3,walking
1518807826374,1061.0,3,walking
1518807826935,1062.0,3,walking
1518807827459,1063.0,3,walking
1518807827971,1064.0,3,walking
1518807828536,1065.0,3,walking
1518807829000,1066.0,3,walking
1518807829577,1067.0,3,walking
1518807830065,1068.0,3,walking
1518807830666,1069.0,3,walking
1518807831105,1070.0,3,walking
1518807831611,1071.0,3,walking
1518807832043,1072.0,3,walking
1518807832615,1073.0,3,walking
1518807833218,1074.0,3,walking
1518807833794,1075.0,3,walking
1518807834303,1076.0,3,walking
1518807834866,1077.0,3,walking
1518807835355,1078.0,3,walking
1518807835921,1079.0,3,walking
1518807836418,1080.0,3,walking
1518807836916,1081.0,3,walking
1518807837469,1082.0,3,walking
1518807838056,1083.0,3,walking
1518807838519,1084.0,3,walking
1518807839132,1085.0,3,walking
1518807839627,1086.0,3,walking
1518807840187,1087.0,3,walking
1518807840696,1088.0,3,walking
1518807841211,1089.0,3,walking
1518807841754,1090.0,3,walking
1518807842392,1091.0,3,walking
1518807842831,1092.0,3,walking
1518807843423,1093.0,3,walking
1518807843905,1094.0,3,walking
1518807844515,1095.0,3,walking
1518807844970,1096.0,3,walking
1518807845546,1097.0,3,walking
1518807846069,1098.0,3,walking
1518807846562,1099.0,3,walking
1518807847149,1100.0,3,walking
1518807847696,1101.0,3,walking
1518807848196,1102.0,3,walking
1518807848840,1103.0,3,walking
1518807849278,1104.0,3,walking
1518807849904,1105.0,3,walking
1518807850347,1106.0,3,walking
1518807850921,1107.0,3,walking
1518807851924,1108.0,3,walking
1518807852520,1109.0,3,walking
1518807853156,1110.0,3,walking
1518807853666,1111.0,3,walking
1518807854286,1112.0,3,walking
1518807854734,1113.0,3,walking
1518807855311,1114.0,3,walking
1518807855782,1115.0,3,walking
1518807856398,1116.0,3,walking
1518807856895,1117.0,3,walking
1518807857503,1118.0,3,walking
1518807858046,1119.0,3,walking
1518807858632,1120.0,3,walking
1518807859064,1121.0,3,walking
1518807859682,1122.0,3,walking
1518807860178,1123.0,3,walking
1518807860786,1124.0,3,walking
1518807861291,1125.0,3,walking
1518807861859,1126.0,3,walking
1518807862343,1127.0,3,walking
1518807862900,1128.0,3,walking
1518807863485,1129.0,3,walking
1518807864061,1130.0,3,walking
1518807864590,1131.0,3,walking
1518807865162,1132.0,3,walking
1518807865645,1133.0,3,walking
1518807866161,1134.0,3,walking
1518807866681,1135.0,3,walking
1518807867246,1136.0,3,walking
1518807867609,1137.0,3,walking
1518807868140,1138.0,3,walking
1518807868632,1139.0,3,walking
1518807869125,1140.0,3,walking
1518807869688,1141.0,3,walking
1518807870210,1142.0,3,walking
1518807870667,1143.0,3,walking
1518807871247,1144.0,3,walking
1518807871792,1145.0,3,walking
1518807872349,1146.0,3,walking
1518807872788,1147.0,3,walking
1518807873376,1148.0,3,walking
1518807873855,1149.0,3,walking
1518807874438,1150.0,3,walking
1518807874904,1151.0,3,walking
1518807875475,1152.0,3,walking
1518807875994,1153.0,3,walking
1518807876482,1154.0,3,walking
1518807877051,1155.0,3,walking
1518807877515,1156.0,3,walking
1518807877996,1157.0,3,walking
1518807878507,1158.0,3,walking
1518807879047,1159.0,3,walking
1518807879587,1160.0,3,walking
1518807880158,1161.0,3,walking
1518807880770,1162.0,3,walking
1518807881224,1163.0,3,walking
1518807881800,1164.0,3,walking
1518807882378,1165.0,3,walking
1518807882836,1166.0,3,walking
1518807883357,1167.0,3,walking
1518807883885,1168.0,3,walking
1518807884429,1169.0,3,walking
1518807884989,1170.0,3,walking
1518807885462,1171.0,3,walking
1518807886005,1172.0,3,walking
1518807886496,1173.0,3,walking
1518807887088,1174.0,3,walking
1518807887590,1175.0,3,walking
1518807888110,1176.0,3,walking
1518807888592,1177.0,3,walking
1518807889185,1178.0,3,walking
1518807889630,1179.0,3,walking
1518807890215,1180.0,3,walking
1518807890688,1181.0,3,walking
1518807891265,1182.0,3,walking
1518807891718,1183.0,3,walking
1518807892302,1184.0,3,walking
1518807892799,1185.0,3,walking
1518807893295,1186.0,3,walking
1518807893858,1187.0,3,walking
1518807894329,1188.0,3,walking
1518807894886,1189.0,3,walking
1518807895474,1190.0,3,walking
1518807895916,1191.0,3,walking
1518807896485,1192.0,3,walking
1518807896985,1193.0,3,walking
1518807897508,1194.0,3,walking
1518807898099,1195.0,3,walking
1518807898583,1196.0,3,walking
1518807899138,1197.0,3,walking
1518807899714,1198.0,3,walking
1518807900174,1199.0,3,walking
1518807900698,1200.0,3,walking
1518807901260,1201.0,3,walking
1518807901734,1202.0,3,walking
1518807902274,1203.0,3,walking
1518807902785,1204.0,3,walking
1518807903342,1205.0,3,walking
1518807903940,1206.0,3,walking
1518807904440,1207.0,3,walking
1518807904981,1208.0,3,walking
1518807905555,1209.0,3,walking
1518807906038,1210.0,3,walking
1518807906594,1211.0,3,walking
1518807907169,1212.0,3,walking
1518807907658,1213.0,3,walking
1518807908247,1214.0,3,walking
1518807908774,1215.0,3,walking
1518807909297,1216.0,3,walking
1518807909808,1217.0,3,walking
1518807910377,1218.0,3,walking
1518807910884,1219.0,3,walking
1518807911336,1220.0,3,walking
1518807911924,1221.0,3,walking
1518807912451,1222.0,3,walking
1518807912995,1223.0,3,walking
1518807913538,1224.0,3,walking
1518807914042,1225.0,3,walking
1518807914616,1226.0,3,walking
1518807915171,1227.0,3,walking
1518807915700,1228.0,3,walking
1518807916265,1229.0,3,walking
1518807916764,1230.0,3,walking
1518807917322,1231.0,3,walking
1518807917817,1232.0,3,walking
1518807918394,1233.0,3,walking
1518807918916,1234.0,3,walking
1518807919549,1235.0,3,walking
1518807920028,1236.0,3,walking
1518807920554,1237.0,3,walking
1518807921078,1238.0,3,walking
1518807921635,1239.0,3,walking
1518807922131,1240.0,3,walking
1518807922799,1241.0,3,walking
1518807923247,1242.0,3,walking
1518807923771,1243.0,3,walking
1518807924312,1244.0,3,walking
1518807924822,1245.0,3,walking
1518807925349,1246.0,3,walking
1518807925923,1247.0,3,walking
1518807926416,1248.0,3,walking
1518807926987,1249.0,3,walking
1518807927554,1250.0,3,walking
1518807928120,1251.0,3,walking
1518807928594,1252.0,3,walking
1518807929138,1253.0,3,walking
1518807929645,1254.0,3,walking
1518807930214,1255.0,3,walking
1518807930719,1256.0,3,walking
1518807931315,1257.0,3,walking
1518807931826,1258.0,3,walking
1518807932372,1259.0,3,walking
1518807932941,1260.0,3,walking
1518807933452,1261.0,3,walking
1518807934017,1262.0,3,walking
1518807934538,1263.0,3,walking
1518807935062,1264.0,3,walking
1518807935651,1265.0,3,walking
1518807936127,1266.0,3,walking
1518807936687,1267.0,3,walking
1518807937259,1268.0,3,walking
1518807937761,1269.0,3,walking
1518807938196,1270.0,3,walking
1518807938864,1271.0,3,walking
1518807939295,1272.0,3,walking
1518807939886,1273.0,3,walking
1518807940448,1274.0,3,walking
1518807941026,1275.0,3,walking
1518807941572,1276.0,3,walking
1518807942081,1277.0,3,walking
1518807942678,1278.0,3,walking
1518807943215,1279.0,3,walking
1518807943770,1280.0,3,walking
1518807944346,1281.0,3,walking
1518807944904,1282.0,3,walking
1518807945425,1283.0,3,walking
1518807945971,1284.0,3,walking
1518807946526,1285.0,3,walking
1518807947077,1286.0,3,walking
1518807947608,1287.0,3,walking
1518807948184,1288.0,3,walking
1518807948723,1289.0,3,walking
1518807949282,1290.0,3,walking
1518807949855,1291.0,3,walking
1518807950434,1292.0,3,walking
1518807950963,1293.0,3,walking
1518807951511,1294.0,3,walking
1518807952074,1295.0,3,walking
1518807952665,1296.0,3,walking
1518807953153,1297.0,3,walking
1518807953688,1298.0,3,walking
1518807954264,1299.0,3,walking
1518807954728,1300.0,3,walking
1518807955299,1301.0,3,walking
1518807955859,1302.0,3,walking
1518807956401,1303.0,3,walking
1518807956909,1304.0,3,walking
1518807957484,1305.0,3,walking
1518807958010,1306.0,3,walking
1518807958616,1307.0,3,walking
1518807959137,1308.0,3,walking
1518807959663,1309.0,3,walking
1518807960219,1310.0,3,walking
1518807960842,1311.0,3,walking
1518807961289,1312.0,3,walking
1518807961894,1313.0,3,walking
1518807962476,1314.0,3,walking
1518807962961,1315.0,3,walking
1518807963451,1316.0,3,walking
1518807964092,1317.0,3,walking
1518807964655,1318.0,3,walking
1518807965173,1319.0,3,walking
1518807965717,1320.0,3,walking
1518807966325,1321.0,3,walking
1518807966815,1322.0,3,walking
1518807967419,1323.0,3,walking
1518807967943,1324.0,3,walking
1518807968501,1325.0,3,walking
1518807968998,1326.0,3,walking
1518807969574,1327.0,3,walking
1518807970062,1328.0,3,walking
1518807970662,1329.0,3,walking
1518807971146,1330.0,3,walking
1518807971799,1331.0,3,walking
1518807972244,1332.0,3,walking
1518807972772,1333.0,3,walking
1518807973336,1334.0,3,walking
1518807973949,1335.0,3,walking
1518807974383,1336.0,3,walking
1518807974963,1337.0,3,walking
1518807975479,1338.0,3,walking
1518807976037,1339.0,3,walking
1518807976596,1340.0,3,walking
1518807977185,1341.0,3,walking
1518807977711,1342.0,3,walking
1518807978353,1343.0,3,walking
1518807978920,1344.0,3,walking
1518807979488,1345.0,3,walking
1518807979936,1346.0,3,walking
1518807980529,1347.0,3,walking
1518807981103,1348.0,3,walking
1518807981669,1349.0,3,walking
1518807982205,1350.0,3,walking
1518807982769,1351.0,3,walking
1518807983350,1352.0,3,walking
1518807983866,1353.0,3,walking
1518807984415,1354.0,3,walking
1518807984987,1355.0,3,walking
1518807985533,1356.0,3,walking
1518807986059,1357.0,3,walking
1518807986612,1358.0,3,walking
1518807987163,1359.0,3,walking
1518807987713,1360.0,3,walking
1518807988188,1361.0,3,walking
1518807988764,1362.0,3,walking
1518807989274,1363.0,3,walking
1518807989844,1364.0,3,walking
1518807990380,1365.0,3,walking
1518807990962,1366.0,3,walking
1518807991450,1367.0,3,walking
1518807991980,1368.0,3,walking
1518807992551,1369.0,3,walking
1518807993094,1370.0,3,walking
1518807993632,1371.0,3,walking
1518807994204,1372.0,3,walking
1518807994687,1373.0,3,walking
1518807995249,1374.0,3,walking
1518807995826,1375.0,3,walking
1518807996328,1376.0,3,walking
1518807996897,1377.0,3,walking
1518807997392,1378.0,3,walking
1518807997927,1379.0,3,walking
1518807998495,1380.0,3,walking
1518807999064,1381.0,3,walking
1518807999611,1382.0,3,walking
1518808000111,1383.0,3,walking
1518808000692,1384.0,3,walking
1518808001198,1385.0,3,walking
1518808001771,1386.0,3,walking
1518808002297,1387.0,3,walking
1518808002925,1388.0,3,walking
1518808003368,1389.0,3,walking
1518808003986,1390.0,3,walking
1518808004487,1391.0,3,walking
1518808005048,1392.0,3,walking
1518808005529,1393.0,3,walking
1518808006089,1394.0,3,walking
1518808006620,1395.0,3,walking
1518808007196,1396.0,3,walking
1518808007738,1397.0,3,walking
1518808008402,1398.0,3,walking
1518808008763,1399.0,3,walking
1518808009403,1400.0,3,walking
1518808009892,1401.0,3,walking
1518808010434,1402.0,3,walking
1518808010994,1403.0,3,walking
1518808011615,1404.0,3,walking
1518808012127,1405.0,3,walking
1518808012692,1406.0,3,walking
1518808013192,1407.0,3,walking
1518808013751,1408.0,3,walking
1518808014304,1409.0,3,walking
1518808014892,1410.0,3,walking
1518808015380,1411.0,3,walking
1518808015980,1412.0,3,walking
1518808016534,1413.0,3,walking
1518808017063,1414.0,3,walking
1518808017557,1415.0,3,walking
1518808018116,1416.0,3,walking
1518808018604,1417.0,3,walking
1518808019172,1418.0,3,walking
1518808019675,1419.0,3,walking
1518808020194,1420.0,3,walking
1518808020708,1421.0,3,walking
1518808021266,1422.0,3,walking
1518808021714,1423.0,3,walking
1518808022312,1424.0,3,walking
1518808022809,1425.0,3,walking
1518808023375,1426.0,3,walking
1518808023879,1427.0,3,walking
1518808024484,1428.0,3,walking
1518808024944,1429.0,3,walking
1518808025501,1430.0,3,walking
1518808026042,1431.0,3,walking
1518808026605,1432.0,3,walking
1518808027112,1433.0,3,walking
1518808027690,1434.0,3,walking
1518808028177,1435.0,3,walking
1518808028740,1436.0,3,walking
1518808029196,1437.0,3,walking
1518808029811,1438.0,3,walking
1518808030266,1439.0,3,walking
1518808030962,1440.0,3,walking
1518808031388,1441.0,3,walking
1518808031913,1442.0,3,walking
1518808032405,1443.0,3,walking
1518808032989,1444.0,3,walking
1518808033446,1445.0,3,walking
1518808033991,1446.0,3,walking
1518808034520,1447.0,3,walking
1518808035105,1448.0,3,walking
1518808035583,1449.0,3,walking
1518808036135,1450.0,3,walking
1518808036650,1451.0,3,walking
1518808037261,1452.0,3,walking
1518808037724,1453.0,3,walking
1518808038294,1454.0,3,walking
1518808038786,1455.0,3,walking
1518808039345,1456.0,3,walking
1518808039870,1457.0,3,walking
1518808040445,1458.0,3,walking
1518808041010,1459.0,3,walking
1518808041563,1460.0,3,walking
1518808042065,1461.0,3,walking
1518808042607,1462.0,3,walking
1518808043131,1463.0,3,walking
1518808043690,1464.0,3,walking
1518808044185,1465.0,3,walking
1518808044741,1466.0,3,walking
1518808045271,1467.0,3,walking
1518808045855,1468.0,3,walking
1518808046351,1469.0,3,walking
1518808047000,1470.0,3,walking
1518808047417,1471.0,3,walking
1518808048066,1472.0,3,walking
1518808048499,1473.0,3,walking
1518808049074,1474.0,3,walking
1518808049585,1475.0,3,walking
1518808050139,1476.0,3,walking
1518808050620,1477.0,3,walking
1518808051281,1478.0,3,walking
1518808051782,1479.0,3,walking
1518808052340,1480.0,3,walking
1518808052900,1481.0,3,walking
1518808053424,1482.0,3,walking
1518808053933,1483.0,3,walking
1518808054475,1484.0,3,walking
1518808054994,1485.0,3,walking
1518808055551,1486.0,3,walking
1518808056034,1487.0,3,walking
1518808056639,1488.0,3,walking
1518808057137,1489.0,3,walking
1518808057644,1490.0,3,walking
1518808058185,1491.0,3,walking
1518808058779,1492.0,3,walking
1518808059270,1493.0,3,walking
1518808059842,1494.0,3,walking
1518808060434,1495.0,3,walking
1518808060939,1496.0,3,walking
1518808061511,1497.0,3,walking
1518808062086,1498.0,3,walking
1518808062638,1499.0,3,walking
1518808063138,1500.0,3,walking
1518808063683,1501.0,3,walking
1518808064266,1502.0,3,walking
1518808064746,1503.0,3,walking
1518808065401,1504.0,3,walking
1518808065831,1505.0,3,walking
1518808066396,1506.0,3,walking
1518808066913,1507.0,3,walking
1518808067486,1508.0,3,walking
1518808067994,1509.0,3,walking
1518808068568,1510.0,3,walking
1518808069120,1511.0,3,walking
1518808069638,1512.0,3,walking
1518808070128,1513.0,3,walking
1518808070701,1514.0,3,walking
1518808071244,1515.0,3,walking
1518808071823,1516.0,3,walking
1518808072330,1517.0,3,walking
1518808072925,1518.0,3,walking
1518808073413,1519.0,3,walking
1518808074020,1520.0,3,walking
1518808074525,1521.0,3,walking
1518808075093,1522.0,3,walking
1518808075579,1523.0,3,walking
1518808076170,1524.0,3,walking
1518808076679,1525.0,3,walking
1518808077281,1526.0,3,walking
1518808077776,1527.0,3,walking
1518808078347,1528.0,3,walking
1518808078919,1529.0,3,walking
1518808079404,1530.0,3,walking
1518808079951,1531.0,3,walking
1518808080524,1532.0,3,walking
1518808081078,1533.0,3,walking
1518808081566,1534.0,3,walking
1518808082093,1535.0,3,walking
1518808082631,1536.0,3,walking
1518808083209,1537.0,3,walking
1518808083793,1538.0,3,walking
1518808084224,1539.0,3,walking
1518808084816,1540.0,3,walking
1518808085366,1541.0,3,walking
1518808085948,1542.0,3,walking
1518808086441,1543.0,3,walking
1518808087013,1544.0,3,walking
1518808087522,1545.0,3,walking
1518808088050,1546.0,3,walking
1518808088574,1547.0,3,walking
1518808089119,1548.0,3,walking
1518808089693,1549.0,3,walking
1518808090201,1550.0,3,walking
1518808090748,1551.0,3,walking
1518808091302,1552.0,3,walking
1518808091862,1553.0,3,walking
1518808092370,1554.0,3,walking
1518808092911,1555.0,3,walking
1518808093448,1556.0,3,walking
1518808094019,1557.0,3,walking
1518808094532,1558.0,3,walking
1518808095058,1559.0,3,walking
1518808095685,1560.0,3,walking
1518808096178,1561.0,3,walking
1518808096758,1562.0,3,walking
1518808097239,1563.0,3,walking
1518808097796,1564.0,3,walking
1518808098332,1565.0,3,walking
1518808098898,1566.0,3,walking
1518808099390,1567.0,3,walking
1518808100037,1568.0,3,walking
1518808100464,1569.0,3,walking
1518808101054,1570.0,3,walking
1518808101608,1571.0,3,walking
1518808102177,1572.0,3,walking
1518808102670,1573.0,3,walking
1518808103214,1574.0,3,walking
1518808103751,1575.0,3,walking
1518808104380,1576.0,3,walking
1518808104841,1577.0,3,walking
1518808105414,1578.0,3,walking
1518808105939,1579.0,3,walking
1518808106500,1580.0,3,walking
1518808107008,1581.0,3,walking
1518808107506,1582.0,3,walking
1518808108056,1583.0,3,walking
1518808108621,1584.0,3,walking
1518808109053,1585.0,3,walking
1518808109599,1586.0,3,walking
1518808110097,1587.0,3,walking
1518808110647,1588.0,3,walking
1518808111117,1589.0,3,walking
1518808111675,1590.0,3,walking
1518808112151,1591.0,3,walking
1518808112824,1592.0,3,walking
1518808113268,1593.0,3,walking
1518808113815,1594.0,3,walking
1518808114315,1595.0,3,walking
1518808114882,1596.0,3,walking
1518808115321,1597.0,3,walking
1518808115896,1598.0,3,walking
1518808116355,1599.0,3,walking
1518808116914,1600.0,3,walking
1518808117436,1601.0,3,walking
1518808118019,1602.0,3,walking
1518808118503,1603.0,3,walking
1518808119194,1604.0,3,walking
1518808119542,1605.0,3,walking
1518808120101,1606.0,3,walking
1518808120590,1607.0,3,walking
1518808121149,1608.0,3,walking
1518808121688,1609.0,3,walking
1518808122255,1610.0,3,walking
1518808122743,1611.0,3,walking
1518808123304,1612.0,3,walking
1518808123776,1613.0,3,walking
1518808124381,1614.0,3,walking
1518808124830,1615.0,3,walking
1518808125419,1616.0,3,walking
1518808125908,1617.0,3,walking
1518808126478,1618.0,3,walking
1518808126930,1619.0,3,walking
1518808127483,1620.0,3,walking
1518808127965,1621.0,3,walking
1518808128509,1622.0,3,walking
1518808129052,1623.0,3,walking
1518808129625,1624.0,3,walking
1518808130104,1625.0,3,walking
1518808130715,1626.0,3,walking
1518808131154,1627.0,3,walking
1518808131759,1628.0,3,walking
1518808132158,1629.0,3,walking
1518808132742,1630.0,3,walking
1518808133300,1631.0,3,walking
1518808133859,1632.0,3,walking
1518808134373,1633.0,3,walking
1518808134848,1634.0,3,walking
1518808135422,1635.0,3,walking
1518808135982,1636.0,3,walking
1518808136473,1637.0,3,walking
1518808137053,1638.0,3,walking
1518808137505,1639.0,3,walking
1518808138131,1640.0,3,walking
1518808138588,1641.0,3,walking
1518808139199,1642.0,3,walking
1518808139640,1643.0,3,walking
1518808140243,1644.0,3,walking
1518808140744,1645.0,3,walking
1518808141314,1646.0,3,walking
1518808141808,1647.0,3,walking
1518808142332,1648.0,3,walking
1518808142869,1649.0,3,walking
1518808143473,1650.0,3,walking
1518808143903,1651.0,3,walking
1518808144472,1652.0,3,walking
1518808144978,1653.0,3,walking
1518808145531,1654.0,3,walking
1518808146040,1655.0,3,walking
1518808146605,1656.0,3,walking
1518808147097,1657.0,3,walking
1518808147699,1658.0,3,walking
1518808148208,1659.0,3,walking
1518808148719,1660.0,3,walking
1518808149225,1661.0,3,walking
1518808149816,1662.0,3,walking
1518808150310,1663.0,3,walking
1518808150884,1664.0,3,walking
1518808151397,1665.0,3,walking
1518808152033,1666.0,3,walking
1518808152477,1667.0,3,walking
1518808153026,1668.0,3,walking
1518808153543,1669.0,3,walking
1518808154101,1670.0,3,walking
1518808154635,1671.0,3,walking
1518808155205,1672.0,3,walking
1518808155707,1673.0,3,walking
1518808156283,1674.0,3,walking
1518808156791,1675.0,3,walking
1518808157365,1676.0,3,walking
1518808157898,1677.0,3,walking
1518808158434,1678.0,3,walking
1518808158978,1679.0,3,walking
1518808159513,1680.0,3,walking
1518808160079,1681.0,3,walking
1518808160565,1682.0,3,walking
1518808161132,1683.0,3,walking
1518808161638,1684.0,3,walking
1518808162128,1685.0,3,walking
1518808162696,1686.0,3,walking
1518808163205,1687.0,3,walking
1518808163728,1688.0,3,walking
1518808164278,1689.0,3,walking
1518808164818,1690.0,3,walking
1518808165328,1691.0,3,walking
1518808165893,1692.0,3,walking
1518808166363,1693.0,3,walking
1518808166907,1694.0,3,walking
1518808167415,1695.0,3,walking
1518808167942,1696.0,3,walking
1518808168500,1697.0,3,walking
1518808168992,1698.0,3,walking
1518808169532,1699.0,3,walking
1518808170032,1700.0,3,walking
1518808170598,1701.0,3,walking
1518808171060,1702.0,3,walking
1518808171606,1703.0,3,walking
1518808172174,1704.0,3,walking
1518808172741,1705.0,3,walking
1518808173196,1706.0,3,walking
1518808173723,1707.0,3,walking
1518808174264,1708.0,3,walking
1518808174790,1709.0,3,walking
1518808175280,1710.0,3,walking
1518808175829,1711.0,3,walking
1518808176334,1712.0,3,walking
1518808176861,1713.0,3,walking
1518808177369,1714.0,3,walking
1518808177925,1715.0,3,walking
1518808178486,1716.0,3,walking
1518808178980,1717.0,3,walking
1518808179520,1718.0,3,walking
1518808180082,1719.0,3,walking
1518808180585,1720.0,3,walking
1518808181113,1721.0,3,walking
1518808181675,1722.0,3,walking
1518808182148,1723.0,3,walking
1518808182721,1724.0,3,walking
1518808183228,1725.0,3,walking
1518808183800,1726.0,3,walking
1518808184294,1727.0,3,walking
1518808184869,1728.0,3,walking
1518808185351,1729.0,3,walking
1518808185870,1730.0,3,walking
1518808186381,1731.0,3,walking
1518808186924,1732.0,3,walking
1518808187448,1733.0,3,walking
1518808187957,1734.0,3,walking
1518808188504,1735.0,3,walking
1518808189056,1736.0,3,walking
1518808189565,1737.0,3,walking
1518808190140,1738.0,3,walking
1518808190619,1739.0,3,walking
1518808191177,1740.0,3,walking
1518808191742,1741.0,3,walking
1518808192289,1742.0,3,walking
1518808192785,1743.0,3,walking
1518808193388,1744.0,3,walking
1518808193941,1745.0,3,walking
1518808194493,1746.0,3,walking
1518808194998,1747.0,3,walking
1518808195591,1748.0,3,walking
1518808196098,1749.0,3,walking
1518808196656,1750.0,3,walking
1518808197165,1751.0,3,walking
1518808197723,1752.0,3,walking
1518808198229,1753.0,3,walking
1518808198873,1754.0,3,walking
1518808199309,1755.0,3,walking
1518808199820,1756.0,3,walking
1518808200364,1757.0,3,walking
1518808201013,1758.0,3,walking
1518808201450,1759.0,3,walking
1518808201954,1760.0,3,walking
1518808202508,1761.0,3,walking
1518808203071,1762.0,3,walking
1518808203583,1763.0,3,walking
1518808204138,1764.0,3,walking
1518808204662,1765.0,3,walking
1518808205226,1766.0,3,walking
1518808205797,1767.0,3,walking
1518808206299,1768.0,3,walking
1518808206802,1769.0,3,walking
1518808207393,1770.0,3,walking
1518808207879,1771.0,3,walking
1518808208524,1772.0,3,walking
1518808208947,1773.0,3,walking
1518808209589,1774.0,3,walking
1518808210011,1775.0,3,walking
1518808210587,1776.0,3,walking
1518808211079,1777.0,3,walking
1518808211718,1778.0,3,walking
1518808212195,1779.0,3,walking
1518808212781,1780.0,3,walking
1518808213276,1781.0,3,walking
1518808213909,1782.0,3,walking
1518808214391,1783.0,3,walking
1518808215507,1784.0,3,walking
1518808216066,1785.0,3,walking
1518808216701,1786.0,3,walking
1518808217753,1787.0,3,walking
